task_id,description,priority
1,Fix critical security vulnerability in API,High
2,Urgent bug fix in production checkout flow,High
3,Investigate database corruption issue,High
4,Resolve memory leak causing crashes,High
5,Handle DDoS attack detection and mitigation,High
6,Patch server-side XSS vulnerability,High
7,Fix authentication bypass bug,High
8,Respond to major customer escalation,High
9,Restore corrupted transaction logs,High
10,Upgrade encryption algorithms in use,High
11,Fix data loss issue in user settings,High
12,Address inconsistency in financial reports,High
13,Investigate application downtime root cause,High
14,Fix 502 error from gateway service,High
15,Resolve authentication token expiry issue,High
16,Fix critical scheduler crash during job run,High
17,Patch remote code execution bug,High
18,Handle critical alert from monitoring system,High
19,Fix user data exposure in logs,High
20,Resolve crash on iOS latest version,High
21,Fix broken payments integration,High
22,Restore backup due to ransomware,High
23,Respond to SLA breach incident,High
24,Fix failure in disaster recovery test,High
25,Address error in fraud detection model,High
26,Fix app freeze when uploading documents,High
27,Resolve recurring 503 error in logs,High
28,Patch JWT signing logic vulnerability,High
29,Investigate major performance degradation,High
30,Fix bug affecting VIP users only,High
31,Mitigate risk from leaked API keys,High
32,Handle critical storage space alert,High
33,Patch broken TLS implementation,High
34,Fix customer onboarding failure,High
35,Urgent compliance-related update,High
36,Fix system clock drift causing sync issues,High
37,Recover corrupted audit logs,High
38,Fix broken failover mechanism,High
39,Resolve payment double-charge bug,High
40,Update SSL certs about to expire,High
41,Fix OTP mismatch issue in login,High
42,Fix fatal crash during document scan,High
43,Fix cache inconsistency across servers,High
44,Resolve app crash during camera use,High
45,Fix data breach notification bug,High
46,Patch S3 bucket misconfiguration,High
47,Fix urgent GDPR compliance issue,High
48,Resolve deadlock in user session manager,High
49,Patch logging of PII data in exceptions,High
50,Fix token refresh failure for OAuth login,High
51,Implement analytics dashboard,Medium
52,Optimize image loading speed,Medium
53,Refactor billing microservice,Medium
54,Build reports export feature,Medium
55,Add dark mode support,Medium
56,Add support for new user roles,Medium
57,Create data archiving script,Medium
58,Improve signup form validation,Medium
59,Set up integration tests,Medium
60,Write API documentation,Medium
61,Configure CI/CD pipeline,Medium
62,Add account deactivation option,Medium
63,Enable two-factor authentication,Medium
64,Refactor legacy report code,Medium
65,Improve email delivery rate,Medium
66,Redesign landing page layout,Medium
67,Split monolith into microservices,Medium
68,Optimize query performance,Medium
69,Add product feedback collection,Medium
70,Integrate Google Analytics,Medium
71,Set up weekly data backups,Medium
72,Build settings page for admins,Medium
73,Enable role-based access control,Medium
74,Reorganize sidebar navigation,Medium
75,Add new filtering options in table,Medium
76,Implement RESTful pagination,Medium
77,Refactor navbar responsiveness,Medium
78,Improve password reset flow,Medium
79,Add changelog version tracker,Medium
80,Add language translation module,Medium
81,Enable push notifications,Medium
82,Redesign invoice template,Medium
83,Create support ticket system,Medium
84,Add admin impersonation feature,Medium
85,Enable SSO via Okta integration,Medium
86,Move static content to CDN,Medium
87,Configure alerts for key services,Medium
88,Run regression test suite,Medium
89,Add Markdown support in editor,Medium
90,Log slow queries > 1s,Medium
91,Integrate PayPal as new payment method,Medium
92,Create customer feedback form,Medium
93,Add copy-to-clipboard in console,Medium
94,Add new team permissions,Medium
95,Enable email notification opt-out,Medium
96,Improve mobile responsiveness,Medium
97,Improve caching strategy,Medium
98,Move error logs to centralized system,Medium
99,Implement session timeout feature,Medium
100,Improve audit log visibility,Medium
101,Fix typo in About page,Low
102,Update team photos,Low
103,Center-align CTA buttons,Low
104,Add link to privacy policy,Low
105,Fix UI misalignment on Safari,Low
106,Update footer copyright,Low
107,Improve placeholder text on form,Low
108,Resize logo on mobile view,Low
109,Remove unused font files,Low
110,Fix tooltip delay on hover,Low
111,Align checkbox labels,Low
112,Add alt tags for all images,Low
113,Standardize font size across pages,Low
114,Fix spacing in FAQ section,Low
115,Update favicon to new design,Low
116,Improve tab spacing in editor,Low
117,Fix date formatting in footer,Low
118,Remove deprecated tag usage,Low
119,Fix low-contrast color text,Low
120,Fix overlapping footer icons,Low
121,Remove console.log statements,Low
122,Fix margin inconsistency in form fields,Low
123,Fix hyperlink underline issue,Low
124,Reduce banner image size,Low
125,Fix cursor mismatch on hover,Low
126,Change loading spinner color,Low
127,Fix scrollbar appearance on modal,Low
128,Reorder links in sidebar,Low
129,Fix navigation highlight bug,Low
130,Add back-to-top button,Low
131,Fix typo in tooltip message,Low
132,Improve hover animations,Low
133,Fix misspelled variable name,Low
134,Fix focus outline on buttons,Low
135,Improve alignment of badges,Low
136,Fix newsletter popup layout,Low
137,Fix spacing in dropdown menu,Low
138,Reduce toast notification timeout,Low
139,Fix checkbox spacing on small screens,Low
140,Fix missing border radius on card,Low
141,Fix placeholder color contrast,Low
142,Fix table cell padding,Low
143,Fix broken icon in contact page,Low
144,Fix duplicate ID warnings in DOM,Low
145,Fix outline on search input,Low
146,Improve list spacing in terms page,Low
147,Fix vertical alignment in select box,Low
148,Fix invalid aria-label attributes,Low
149,Fix padding in breadcrumb component,Low
150,Fix misspelled text in changelog,Low
